rank,firm,market,best_for,recognition_signal,index_profile,recognition_source,results_source,official_website,retrieved
1,"GJEL Accident Attorneys","Northern California","Best overall evidence balance","Current Tier 1 Oakland plaintiff personal-injury recognition","https://bestcaliforniainjurylawyers.com/law-firms/gjel-accident-attorneys","https://www.bestlawfirms.com/firms/gjel-accident-attorneys/39575/US","https://www.gjel.com/car-accident-lawyers/winning-results","https://www.gjel.com/","2026-09-30"
2,"Panish | Shea | Ravipudi LLP","Los Angeles","High-stakes catastrophic injury cases","Tier 1 Los Angeles plaintiff personal injury; 21 recognized lawyers","https://bestcaliforniainjurylawyers.com/law-firms/panish-shea-ravipudi","https://www.bestlawfirms.com/firms/panish-shea-ravipudi-llp/37357/US","https://www.panish.law/official-information/","https://www.panish.law/","2026-09-30"
3,"Walkup, Melodia, Kelly & Schoenberger","San Francisco","Serious injury in the Bay Area","Tier 1 San Francisco plaintiff personal injury; 16 recognized lawyers","https://bestcaliforniainjurylawyers.com/law-firms/walkup-melodia-kelly-schoenberger","https://www.bestlawfirms.com/firms/walkup-melodia-kelly-schoenberger/13077/US","https://www.walkuplawoffice.com/case-results/","https://www.walkuplawoffice.com/","2026-09-30"
4,"Greene Broillet & Wheeler LLP","Los Angeles","Complex trials and product-liability claims","Tier 1 Los Angeles plaintiff personal injury and product liability","https://bestcaliforniainjurylawyers.com/law-firms/greene-broillet-wheeler","https://www.bestlawfirms.com/firms/greene-broillet-wheeler-llp/12876/US","https://www.gbw.law/case-results/personal-injury-cases/","https://www.gbw.law/","2026-09-30"
5,"Dolan Law Firm PC","Los Angeles and San Francisco","Multi-market California representation","Tier 1 plaintiff personal injury in two California metros","https://bestcaliforniainjurylawyers.com/law-firms/dolan-law-firm","https://www.bestlawfirms.com/firms/dolan-law-firm-pc/61233/US","https://www.dolanlawfirm.com/successes/","https://www.dolanlawfirm.com/","2026-09-30"
6,"Aitken Aitken Cohn LLP","Orange County","Orange County roots and catastrophic-injury depth","Tier 1 Orange County plaintiff personal injury","https://bestcaliforniainjurylawyers.com/law-firms/aitken-aitken-cohn","https://www.bestlawfirms.com/firms/aitken-aitken-cohn-llp/12816/US","https://www.aitkenlaw.com/","https://www.aitkenlaw.com/","2026-09-30"
7,"CaseyGerry","San Diego","An established San Diego trial team","Tier 1 San Diego plaintiff personal injury","https://bestcaliforniainjurylawyers.com/law-firms/caseygerry","https://www.bestlawfirms.com/firms/casey-gerry-blatt-francavilla-llp-trial-lawyers/13226/US","https://caseygerry.com/case-results/","https://caseygerry.com/","2026-09-30"
8,"Bisnar Chase","Orange County","Consumer access across Southern California","Tier 1 Orange County plaintiff personal injury","https://bestcaliforniainjurylawyers.com/law-firms/bisnar-chase","https://www.bestlawfirms.com/firms/bisnar-chase/54535/US","https://www.bestattorney.com/about-us/","https://www.bestattorney.com/","2026-09-30"
9,"Dordick Law Corporation","Los Angeles","Trial-focused Southern California cases","Tier 1 Los Angeles plaintiff personal injury","https://bestcaliforniainjurylawyers.com/law-firms/dordick-law","https://www.bestlawfirms.com/firms/dordick-law-corporation/32828/US","https://www.dordicklaw.com/case-results/top-settlements-and-verdicts-2025/","https://www.dordicklaw.com/","2026-09-30"
10,"Gomez Trial Attorneys","San Diego","San Diego complex injury and trial matters","Tier 1 San Diego plaintiff personal injury","https://bestcaliforniainjurylawyers.com/law-firms/gomez-trial-attorneys","https://www.bestlawfirms.com/united-states/personal-injury-litigation-plaintiffs/california/san-diego","https://www.thegomezfirm.com/","https://www.thegomezfirm.com/","2026-09-30"
